Team1,Team2,Winner,Ground,Date,Match_no,link,TeamName,inns,fours,sixes,xtras_receive,total,wkts_lost
Australia,Pakistan,Australia,Sydney,"Jan 2-5, 2005",1731,http://www.espncricinfo.com/ci/engine/match/64115.html,Pakistan,1,39,2,12,304,10
Australia,Pakistan,Australia,Sydney,"Jan 2-5, 2005",1731,http://www.espncricinfo.com/ci/engine/match/64115.html,Australia,1,73,7,42,568,10
Australia,Pakistan,Australia,Sydney,"Jan 2-5, 2005",1731,http://www.espncricinfo.com/ci/engine/match/64115.html,Pakistan,2,49,0,9,325,10
Australia,Pakistan,Australia,Sydney,"Jan 2-5, 2005",1731,http://www.espncricinfo.com/ci/engine/match/64115.html,Australia,2,11,0,1,62,1
South Africa,England,South Africa,Cape Town,"Jan 2-6, 2005",1732,http://www.espncricinfo.com/ci/engine/match/64118.html,South Africa,1,42,0,28,441,10
South Africa,England,South Africa,Cape Town,"Jan 2-6, 2005",1732,http://www.espncricinfo.com/ci/engine/match/64118.html,England,1,19,0,10,163,10
South Africa,England,South Africa,Cape Town,"Jan 2-6, 2005",1732,http://www.espncricinfo.com/ci/engine/match/64118.html,South Africa,2,20,1,36,222,8
South Africa,England,South Africa,Cape Town,"Jan 2-6, 2005",1732,http://www.espncricinfo.com/ci/engine/match/64118.html,England,2,36,1,27,304,10
Bangladesh,Zimbabwe,Bangladesh,Chittagong,"Jan 6-10, 2005",1733,http://www.espncricinfo.com/ci/engine/match/64121.html,Bangladesh,1,64,6,19,488,10
Bangladesh,Zimbabwe,Bangladesh,Chittagong,"Jan 6-10, 2005",1733,http://www.espncricinfo.com/ci/engine/match/64121.html,Zimbabwe,1,48,1,12,312,10
Bangladesh,Zimbabwe,Bangladesh,Chittagong,"Jan 6-10, 2005",1733,http://www.espncricinfo.com/ci/engine/match/64121.html,Bangladesh,2,21,2,18,204,9
Bangladesh,Zimbabwe,Bangladesh,Chittagong,"Jan 6-10, 2005",1733,http://www.espncricinfo.com/ci/engine/match/64121.html,Zimbabwe,2,20,0,6,154,10
South Africa,England,England,Johannesburg,"Jan 13-17, 2005",1734,http://www.espncricinfo.com/ci/engine/match/64119.html,England,1,58,3,18,411,8
South Africa,England,England,Johannesburg,"Jan 13-17, 2005",1734,http://www.espncricinfo.com/ci/engine/match/64119.html,South Africa,1,57,1,35,419,10
South Africa,England,England,Johannesburg,"Jan 13-17, 2005",1734,http://www.espncricinfo.com/ci/engine/match/64119.html,England,2,42,6,24,332,9
South Africa,England,England,Johannesburg,"Jan 13-17, 2005",1734,http://www.espncricinfo.com/ci/engine/match/64119.html,South Africa,2,40,0,20,247,10
Bangladesh,Zimbabwe,drawn,Dhaka,"Jan 14-18, 2005",1735,http://www.espncricinfo.com/ci/engine/match/64122.html,Zimbabwe,1,36,2,11,298,10
Bangladesh,Zimbabwe,drawn,Dhaka,"Jan 14-18, 2005",1735,http://www.espncricinfo.com/ci/engine/match/64122.html,Bangladesh,1,27,1,12,211,10
Bangladesh,Zimbabwe,drawn,Dhaka,"Jan 14-18, 2005",1735,http://www.espncricinfo.com/ci/engine/match/64122.html,Zimbabwe,2,36,2,9,286,10
Bangladesh,Zimbabwe,drawn,Dhaka,"Jan 14-18, 2005",1735,http://www.espncricinfo.com/ci/engine/match/64122.html,Bangladesh,2,34,0,27,285,5
South Africa,England,drawn,Centurion,"Jan 21-25, 2005",1736,http://www.espncricinfo.com/ci/engine/match/64120.html,South Africa,1,34,0,23,247,10
South Africa,England,drawn,Centurion,"Jan 21-25, 2005",1736,http://www.espncricinfo.com/ci/engine/match/64120.html,England,1,44,6,35,359,10
South Africa,England,drawn,Centurion,"Jan 21-25, 2005",1736,http://www.espncricinfo.com/ci/engine/match/64120.html,South Africa,2,29,2,27,296,6
South Africa,England,drawn,Centurion,"Jan 21-25, 2005",1736,http://www.espncricinfo.com/ci/engine/match/64120.html,England,2,8,0,9,73,4
South Africa,Zimbabwe,South Africa,Cape Town,"Mar 4-5, 2005",1737,http://www.espncricinfo.com/ci/engine/match/64123.html,Zimbabwe,1,7,0,4,54,10
South Africa,Zimbabwe,South Africa,Cape Town,"Mar 4-5, 2005",1737,http://www.espncricinfo.com/ci/engine/match/64123.html,South Africa,1,48,8,10,340,3
South Africa,Zimbabwe,South Africa,Cape Town,"Mar 4-5, 2005",1737,http://www.espncricinfo.com/ci/engine/match/64123.html,Zimbabwe,2,30,6,13,265,10
India,Pakistan,drawn,Mohali,"Mar 8-12, 2005",1738,http://www.espncricinfo.com/ci/engine/match/64125.html,Pakistan,1,45,0,20,312,10
India,Pakistan,drawn,Mohali,"Mar 8-12, 2005",1738,http://www.espncricinfo.com/ci/engine/match/64125.html,India,1,60,2,28,516,10
India,Pakistan,drawn,Mohali,"Mar 8-12, 2005",1738,http://www.espncricinfo.com/ci/engine/match/64125.html,Pakistan,2,56,4,52,496,9
India,Pakistan,drawn,Mohali,"Mar 8-12, 2005",1738,http://www.espncricinfo.com/ci/engine/match/64125.html,India,2,10,0,17,85,1
New Zealand,Australia,Australia,Christchurch,"Mar 10-13, 2005",1739,http://www.espncricinfo.com/ci/engine/match/64128.html,New Zealand,1,62,1,22,433,10
New Zealand,Australia,Australia,Christchurch,"Mar 10-13, 2005",1739,http://www.espncricinfo.com/ci/engine/match/64128.html,Australia,1,58,8,22,432,10
New Zealand,Australia,Australia,Christchurch,"Mar 10-13, 2005",1739,http://www.espncricinfo.com/ci/engine/match/64128.html,New Zealand,2,20,0,3,131,10
New Zealand,Australia,Australia,Christchurch,"Mar 10-13, 2005",1739,http://www.espncricinfo.com/ci/engine/match/64128.html,Australia,2,21,2,1,135,1
South Africa,Zimbabwe,South Africa,Centurion,"Mar 11-13, 2005",1740,http://www.espncricinfo.com/ci/engine/match/64124.html,Zimbabwe,1,35,1,19,269,10
South Africa,Zimbabwe,South Africa,Centurion,"Mar 11-13, 2005",1740,http://www.espncricinfo.com/ci/engine/match/64124.html,South Africa,1,59,8,36,480,7
South Africa,Zimbabwe,South Africa,Centurion,"Mar 11-13, 2005",1740,http://www.espncricinfo.com/ci/engine/match/64124.html,Zimbabwe,2,20,0,17,149,10
India,Pakistan,India,Kolkata,"Mar 16-20, 2005",1741,http://www.espncricinfo.com/ci/engine/match/64126.html,India,1,55,1,36,407,10
India,Pakistan,India,Kolkata,"Mar 16-20, 2005",1741,http://www.espncricinfo.com/ci/engine/match/64126.html,Pakistan,1,51,0,28,393,10
India,Pakistan,India,Kolkata,"Mar 16-20, 2005",1741,http://www.espncricinfo.com/ci/engine/match/64126.html,India,2,50,3,23,407,9
India,Pakistan,India,Kolkata,"Mar 16-20, 2005",1741,http://www.espncricinfo.com/ci/engine/match/64126.html,Pakistan,2,30,3,22,226,10
New Zealand,Australia,drawn,Wellington,"Mar 18-22, 2005",1742,http://www.espncricinfo.com/ci/engine/match/64129.html,Australia,1,69,7,30,570,8
New Zealand,Australia,drawn,Wellington,"Mar 18-22, 2005",1742,http://www.espncricinfo.com/ci/engine/match/64129.html,New Zealand,1,29,1,18,244,10
New Zealand,Australia,drawn,Wellington,"Mar 18-22, 2005",1742,http://www.espncricinfo.com/ci/engine/match/64129.html,New Zealand,2,4,0,9,48,3
India,Pakistan,Pakistan,Bengaluru,"Mar 24-28, 2005",1743,http://www.espncricinfo.com/ci/engine/match/64127.html,Pakistan,1,67,1,21,570,10
India,Pakistan,Pakistan,Bengaluru,"Mar 24-28, 2005",1743,http://www.espncricinfo.com/ci/engine/match/64127.html,India,1,55,2,41,449,10
India,Pakistan,Pakistan,Bengaluru,"Mar 24-28, 2005",1743,http://www.espncricinfo.com/ci/engine/match/64127.html,Pakistan,2,28,3,12,261,2
India,Pakistan,Pakistan,Bengaluru,"Mar 24-28, 2005",1743,http://www.espncricinfo.com/ci/engine/match/64127.html,India,2,28,0,31,214,10
New Zealand,Australia,Australia,Auckland,"Mar 26-29, 2005",1744,http://www.espncricinfo.com/ci/engine/match/64130.html,New Zealand,1,36,1,19,292,10
New Zealand,Australia,Australia,Auckland,"Mar 26-29, 2005",1744,http://www.espncricinfo.com/ci/engine/match/64130.html,Australia,1,49,5,20,383,10
New Zealand,Australia,Australia,Auckland,"Mar 26-29, 2005",1744,http://www.espncricinfo.com/ci/engine/match/64130.html,New Zealand,2,29,4,17,254,10
New Zealand,Australia,Australia,Auckland,"Mar 26-29, 2005",1744,http://www.espncricinfo.com/ci/engine/match/64130.html,Australia,2,23,2,12,166,1
West Indies,South Africa,drawn,Georgetown,"Mar 31-Apr 4, 2005",1745,http://www.espncricinfo.com/ci/engine/match/64131.html,West Indies,1,73,2,18,543,5
West Indies,South Africa,drawn,Georgetown,"Mar 31-Apr 4, 2005",1745,http://www.espncricinfo.com/ci/engine/match/64131.html,South Africa,1,22,0,39,188,10
West Indies,South Africa,drawn,Georgetown,"Mar 31-Apr 4, 2005",1745,http://www.espncricinfo.com/ci/engine/match/64131.html,South Africa,2,29,0,29,269,4
New Zealand,Sri Lanka,drawn,Napier,"Apr 4-8, 2005",1746,http://www.espncricinfo.com/ci/engine/match/64133.html,New Zealand,1,66,6,21,561,10
New Zealand,Sri Lanka,drawn,Napier,"Apr 4-8, 2005",1746,http://www.espncricinfo.com/ci/engine/match/64133.html,Sri Lanka,1,74,1,25,498,10
New Zealand,Sri Lanka,drawn,Napier,"Apr 4-8, 2005",1746,http://www.espncricinfo.com/ci/engine/match/64133.html,New Zealand,2,23,1,25,238,10
New Zealand,Sri Lanka,drawn,Napier,"Apr 4-8, 2005",1746,http://www.espncricinfo.com/ci/engine/match/64133.html,Sri Lanka,2,1,0,0,7,0
West Indies,South Africa,South Africa,Port of Spain,"Apr 8-12, 2005",1747,http://www.espncricinfo.com/ci/engine/match/64132.html,West Indies,1,43,0,24,347,10
West Indies,South Africa,South Africa,Port of Spain,"Apr 8-12, 2005",1747,http://www.espncricinfo.com/ci/engine/match/64132.html,South Africa,1,44,1,26,398,10
West Indies,South Africa,South Africa,Port of Spain,"Apr 8-12, 2005",1747,http://www.espncricinfo.com/ci/engine/match/64132.html,West Indies,2,16,0,21,194,10
West Indies,South Africa,South Africa,Port of Spain,"Apr 8-12, 2005",1747,http://www.espncricinfo.com/ci/engine/match/64132.html,South Africa,2,15,0,17,146,2
New Zealand,Sri Lanka,New Zealand,Wellington,"Apr 11-14, 2005",1748,http://www.espncricinfo.com/ci/engine/match/64134.html,Sri Lanka,1,27,0,21,211,10
New Zealand,Sri Lanka,New Zealand,Wellington,"Apr 11-14, 2005",1748,http://www.espncricinfo.com/ci/engine/match/64134.html,New Zealand,1,57,6,47,522,9
New Zealand,Sri Lanka,New Zealand,Wellington,"Apr 11-14, 2005",1748,http://www.espncricinfo.com/ci/engine/match/64134.html,Sri Lanka,2,29,2,24,273,10
West Indies,South Africa,South Africa,Bridgetown,"Apr 21-24, 2005",1749,http://www.espncricinfo.com/ci/engine/match/207334.html,West Indies,1,29,1,10,296,10
West Indies,South Africa,South Africa,Bridgetown,"Apr 21-24, 2005",1749,http://www.espncricinfo.com/ci/engine/match/207334.html,South Africa,1,44,3,16,548,9
West Indies,South Africa,South Africa,Bridgetown,"Apr 21-24, 2005",1749,http://www.espncricinfo.com/ci/engine/match/207334.html,West Indies,2,14,4,7,166,10
West Indies,South Africa,drawn,St John's,"Apr 29-May 3, 2005",1750,http://www.espncricinfo.com/ci/engine/match/208321.html,South Africa,1,63,3,18,588,6
West Indies,South Africa,drawn,St John's,"Apr 29-May 3, 2005",1750,http://www.espncricinfo.com/ci/engine/match/208321.html,West Indies,1,81,5,37,747,10
West Indies,South Africa,drawn,St John's,"Apr 29-May 3, 2005",1750,http://www.espncricinfo.com/ci/engine/match/208321.html,South Africa,2,17,2,9,127,1
England,Bangladesh,England,Lord's,"May 26-28, 2005",1751,http://www.espncricinfo.com/ci/engine/match/209929.html,Bangladesh,1,13,0,14,108,10
England,Bangladesh,England,Lord's,"May 26-28, 2005",1751,http://www.espncricinfo.com/ci/engine/match/209929.html,England,1,57,0,38,528,3
England,Bangladesh,England,Lord's,"May 26-28, 2005",1751,http://www.espncricinfo.com/ci/engine/match/209929.html,Bangladesh,2,17,0,19,159,10
West Indies,Pakistan,West Indies,Bridgetown,"May 26-29, 2005",1752,http://www.espncricinfo.com/ci/engine/match/209930.html,West Indies,1,33,4,38,345,10
West Indies,Pakistan,West Indies,Bridgetown,"May 26-29, 2005",1752,http://www.espncricinfo.com/ci/engine/match/209930.html,Pakistan,1,17,1,8,144,10
West Indies,Pakistan,West Indies,Bridgetown,"May 26-29, 2005",1752,http://www.espncricinfo.com/ci/engine/match/209930.html,West Indies,2,32,3,26,371,10
West Indies,Pakistan,West Indies,Bridgetown,"May 26-29, 2005",1752,http://www.espncricinfo.com/ci/engine/match/209930.html,Pakistan,2,31,8,17,296,10
England,Bangladesh,England,Chester-le-Street,"Jun 3-5, 2005",1753,http://www.espncricinfo.com/ci/engine/match/210366.html,Bangladesh,1,11,0,11,104,10
England,Bangladesh,England,Chester-le-Street,"Jun 3-5, 2005",1753,http://www.espncricinfo.com/ci/engine/match/210366.html,England,1,63,3,16,447,3
England,Bangladesh,England,Chester-le-Street,"Jun 3-5, 2005",1753,http://www.espncricinfo.com/ci/engine/match/210366.html,Bangladesh,2,44,1,21,316,10
West Indies,Pakistan,Pakistan,Kingston,"Jun 3-7, 2005",1754,http://www.espncricinfo.com/ci/engine/match/210368.html,Pakistan,1,53,0,26,374,10
West Indies,Pakistan,Pakistan,Kingston,"Jun 3-7, 2005",1754,http://www.espncricinfo.com/ci/engine/match/210368.html,West Indies,1,53,4,13,404,10
West Indies,Pakistan,Pakistan,Kingston,"Jun 3-7, 2005",1754,http://www.espncricinfo.com/ci/engine/match/210368.html,Pakistan,2,35,1,13,309,10
West Indies,Pakistan,Pakistan,Kingston,"Jun 3-7, 2005",1754,http://www.espncricinfo.com/ci/engine/match/210368.html,West Indies,2,19,0,15,143,10
Sri Lanka,West Indies,Sri Lanka,Colombo (SSC),"Jul 13-16, 2005",1755,http://www.espncricinfo.com/ci/engine/match/213347.html,West Indies,1,32,2,20,285,10
Sri Lanka,West Indies,Sri Lanka,Colombo (SSC),"Jul 13-16, 2005",1755,http://www.espncricinfo.com/ci/engine/match/213347.html,Sri Lanka,1,28,1,17,227,10
Sri Lanka,West Indies,Sri Lanka,Colombo (SSC),"Jul 13-16, 2005",1755,http://www.espncricinfo.com/ci/engine/match/213347.html,West Indies,2,6,1,9,113,10
Sri Lanka,West Indies,Sri Lanka,Colombo (SSC),"Jul 13-16, 2005",1755,http://www.espncricinfo.com/ci/engine/match/213347.html,Sri Lanka,2,21,0,10,172,4
England,Australia,Australia,Lord's,"Jul 21-24, 2005",1756,http://www.espncricinfo.com/ci/engine/match/213856.html,Australia,1,28,0,21,190,10
England,Australia,Australia,Lord's,"Jul 21-24, 2005",1756,http://www.espncricinfo.com/ci/engine/match/213856.html,England,1,22,2,11,155,10
England,Australia,Australia,Lord's,"Jul 21-24, 2005",1756,http://www.espncricinfo.com/ci/engine/match/213856.html,Australia,2,48,0,26,384,10
England,Australia,Australia,Lord's,"Jul 21-24, 2005",1756,http://www.espncricinfo.com/ci/engine/match/213856.html,England,2,22,2,14,180,10
Sri Lanka,West Indies,Sri Lanka,Kandy,"Jul 22-25, 2005",1757,http://www.espncricinfo.com/ci/engine/match/214009.html,Sri Lanka,1,20,0,7,150,10
Sri Lanka,West Indies,Sri Lanka,Kandy,"Jul 22-25, 2005",1757,http://www.espncricinfo.com/ci/engine/match/214009.html,West Indies,1,22,0,10,148,10
Sri Lanka,West Indies,Sri Lanka,Kandy,"Jul 22-25, 2005",1757,http://www.espncricinfo.com/ci/engine/match/214009.html,Sri Lanka,2,52,0,25,375,7
Sri Lanka,West Indies,Sri Lanka,Kandy,"Jul 22-25, 2005",1757,http://www.espncricinfo.com/ci/engine/match/214009.html,West Indies,2,17,1,13,137,10
England,Australia,England,Birmingham,"Aug 4-7, 2005",1758,http://www.espncricinfo.com/ci/engine/match/215010.html,England,1,54,10,24,407,10
England,Australia,England,Birmingham,"Aug 4-7, 2005",1758,http://www.espncricinfo.com/ci/engine/match/215010.html,Australia,1,39,0,31,308,10
England,Australia,England,Birmingham,"Aug 4-7, 2005",1758,http://www.espncricinfo.com/ci/engine/match/215010.html,England,2,17,6,10,182,10
England,Australia,England,Birmingham,"Aug 4-7, 2005",1758,http://www.espncricinfo.com/ci/engine/match/215010.html,Australia,2,32,2,40,279,10
Zimbabwe,New Zealand,New Zealand,Harare,"Aug 7-8, 2005",1759,http://www.espncricinfo.com/ci/engine/match/215253.html,New Zealand,1,62,6,15,452,9
Zimbabwe,New Zealand,New Zealand,Harare,"Aug 7-8, 2005",1759,http://www.espncricinfo.com/ci/engine/match/215253.html,Zimbabwe,1,4,0,14,59,10
Zimbabwe,New Zealand,New Zealand,Harare,"Aug 7-8, 2005",1759,http://www.espncricinfo.com/ci/engine/match/215253.html,Zimbabwe,2,12,0,14,99,10
England,Australia,drawn,Manchester,"Aug 11-15, 2005",1760,http://www.espncricinfo.com/ci/engine/match/215686.html,England,1,53,1,27,444,10
England,Australia,drawn,Manchester,"Aug 11-15, 2005",1760,http://www.espncricinfo.com/ci/engine/match/215686.html,Australia,1,29,2,38,302,10
England,Australia,drawn,Manchester,"Aug 11-15, 2005",1760,http://www.espncricinfo.com/ci/engine/match/215686.html,England,2,23,5,23,280,6
England,Australia,drawn,Manchester,"Aug 11-15, 2005",1760,http://www.espncricinfo.com/ci/engine/match/215686.html,Australia,2,46,2,34,371,9
Zimbabwe,New Zealand,New Zealand,Bulawayo,"Aug 15-17, 2005",1761,http://www.espncricinfo.com/ci/engine/match/216055.html,Zimbabwe,1,34,2,14,231,10
Zimbabwe,New Zealand,New Zealand,Bulawayo,"Aug 15-17, 2005",1761,http://www.espncricinfo.com/ci/engine/match/216055.html,New Zealand,1,73,1,32,484,10
Zimbabwe,New Zealand,New Zealand,Bulawayo,"Aug 15-17, 2005",1761,http://www.espncricinfo.com/ci/engine/match/216055.html,Zimbabwe,2,28,6,5,207,10
England,Australia,England,Nottingham,"Aug 25-28, 2005",1762,http://www.espncricinfo.com/ci/engine/match/216994.html,England,1,56,2,42,477,10
England,Australia,England,Nottingham,"Aug 25-28, 2005",1762,http://www.espncricinfo.com/ci/engine/match/216994.html,Australia,1,27,4,19,218,10
England,Australia,England,Nottingham,"Aug 25-28, 2005",1762,http://www.espncricinfo.com/ci/engine/match/216994.html,Australia,2,38,3,19,387,10
England,Australia,England,Nottingham,"Aug 25-28, 2005",1762,http://www.espncricinfo.com/ci/engine/match/216994.html,England,2,14,0,9,129,7
England,Australia,drawn,The Oval,"Sep 8-12, 2005",1763,http://www.espncricinfo.com/ci/engine/match/218383.html,England,1,52,1,18,373,10
England,Australia,drawn,The Oval,"Sep 8-12, 2005",1763,http://www.espncricinfo.com/ci/engine/match/218383.html,Australia,1,39,2,23,367,10
England,Australia,drawn,The Oval,"Sep 8-12, 2005",1763,http://www.espncricinfo.com/ci/engine/match/218383.html,England,2,31,7,16,335,10
England,Australia,drawn,The Oval,"Sep 8-12, 2005",1763,http://www.espncricinfo.com/ci/engine/match/218383.html,Australia,2,0,0,4,4,0
Sri Lanka,Bangladesh,Sri Lanka,Colombo (RPS),"Sep 12-14, 2005",1764,http://www.espncricinfo.com/ci/engine/match/218813.html,Bangladesh,1,24,0,22,188,10
Sri Lanka,Bangladesh,Sri Lanka,Colombo (RPS),"Sep 12-14, 2005",1764,http://www.espncricinfo.com/ci/engine/match/218813.html,Sri Lanka,1,32,1,27,370,9
Sri Lanka,Bangladesh,Sri Lanka,Colombo (RPS),"Sep 12-14, 2005",1764,http://www.espncricinfo.com/ci/engine/match/218813.html,Bangladesh,2,6,0,11,86,10
Zimbabwe,India,India,Bulawayo,"Sep 13-16, 2005",1765,http://www.espncricinfo.com/ci/engine/match/219062.html,Zimbabwe,1,27,2,29,279,10
Zimbabwe,India,India,Bulawayo,"Sep 13-16, 2005",1765,http://www.espncricinfo.com/ci/engine/match/219062.html,India,1,68,5,14,554,10
Zimbabwe,India,India,Bulawayo,"Sep 13-16, 2005",1765,http://www.espncricinfo.com/ci/engine/match/219062.html,Zimbabwe,2,27,0,11,185,10
Sri Lanka,Bangladesh,Sri Lanka,Colombo (PSS),"Sep 20-22, 2005",1766,http://www.espncricinfo.com/ci/engine/match/219612.html,Sri Lanka,1,58,3,26,457,9
Sri Lanka,Bangladesh,Sri Lanka,Colombo (PSS),"Sep 20-22, 2005",1766,http://www.espncricinfo.com/ci/engine/match/219612.html,Bangladesh,1,16,3,34,191,10
Sri Lanka,Bangladesh,Sri Lanka,Colombo (PSS),"Sep 20-22, 2005",1766,http://www.espncricinfo.com/ci/engine/match/219612.html,Bangladesh,2,23,0,16,197,10
Zimbabwe,India,India,Harare,"Sep 20-22, 2005",1767,http://www.espncricinfo.com/ci/engine/match/219613.html,Zimbabwe,1,18,2,7,161,10
Zimbabwe,India,India,Harare,"Sep 20-22, 2005",1767,http://www.espncricinfo.com/ci/engine/match/219613.html,India,1,56,0,21,366,10
Zimbabwe,India,India,Harare,"Sep 20-22, 2005",1767,http://www.espncricinfo.com/ci/engine/match/219613.html,Zimbabwe,2,24,5,16,223,10
Zimbabwe,India,India,Harare,"Sep 20-22, 2005",1767,http://www.espncricinfo.com/ci/engine/match/219613.html,India,2,3,0,4,19,0
Australia,ICC World XI,Australia,Sydney,"Oct 14-17, 2005",1768,http://www.espncricinfo.com/ci/engine/match/221840.html,Australia,1,31,5,25,345,10
Australia,ICC World XI,Australia,Sydney,"Oct 14-17, 2005",1768,http://www.espncricinfo.com/ci/engine/match/221840.html,XI,1,24,4,6,190,10
Australia,ICC World XI,Australia,Sydney,"Oct 14-17, 2005",1768,http://www.espncricinfo.com/ci/engine/match/221840.html,Australia,2,17,0,16,199,10
Australia,ICC World XI,Australia,Sydney,"Oct 14-17, 2005",1768,http://www.espncricinfo.com/ci/engine/match/221840.html,XI,2,16,2,7,144,10
Australia,West Indies,Australia,Brisbane,"Nov 3-6, 2005",1769,http://www.espncricinfo.com/ci/engine/match/223889.html,Australia,1,41,1,46,435,10
Australia,West Indies,Australia,Brisbane,"Nov 3-6, 2005",1769,http://www.espncricinfo.com/ci/engine/match/223889.html,West Indies,1,27,1,11,210,10
Australia,West Indies,Australia,Brisbane,"Nov 3-6, 2005",1769,http://www.espncricinfo.com/ci/engine/match/223889.html,Australia,2,21,2,18,283,2
Australia,West Indies,Australia,Brisbane,"Nov 3-6, 2005",1769,http://www.espncricinfo.com/ci/engine/match/223889.html,West Indies,2,14,2,13,129,10
Pakistan,England,Pakistan,Multan,"Nov 12-16, 2005",1770,http://www.espncricinfo.com/ci/engine/match/225443.html,Pakistan,1,30,1,19,274,10
Pakistan,England,Pakistan,Multan,"Nov 12-16, 2005",1770,http://www.espncricinfo.com/ci/engine/match/225443.html,England,1,43,2,42,418,10
Pakistan,England,Pakistan,Multan,"Nov 12-16, 2005",1770,http://www.espncricinfo.com/ci/engine/match/225443.html,Pakistan,2,38,1,16,341,10
Pakistan,England,Pakistan,Multan,"Nov 12-16, 2005",1770,http://www.espncricinfo.com/ci/engine/match/225443.html,England,2,14,2,9,175,10
Australia,West Indies,Australia,Hobart,"Nov 17-21, 2005",1771,http://www.espncricinfo.com/ci/engine/match/226120.html,West Indies,1,13,2,7,149,10
Australia,West Indies,Australia,Hobart,"Nov 17-21, 2005",1771,http://www.espncricinfo.com/ci/engine/match/226120.html,Australia,1,44,1,21,406,10
Australia,West Indies,Australia,Hobart,"Nov 17-21, 2005",1771,http://www.espncricinfo.com/ci/engine/match/226120.html,West Indies,2,38,0,20,334,10
Australia,West Indies,Australia,Hobart,"Nov 17-21, 2005",1771,http://www.espncricinfo.com/ci/engine/match/226120.html,Australia,2,9,0,1,78,1
Pakistan,England,drawn,Faisalabad,"Nov 20-24, 2005",1772,http://www.espncricinfo.com/ci/engine/match/226350.html,Pakistan,1,45,13,23,462,10
Pakistan,England,drawn,Faisalabad,"Nov 20-24, 2005",1772,http://www.espncricinfo.com/ci/engine/match/226350.html,England,1,38,4,36,446,10
Pakistan,England,drawn,Faisalabad,"Nov 20-24, 2005",1772,http://www.espncricinfo.com/ci/engine/match/226350.html,Pakistan,2,22,1,14,268,9
Pakistan,England,drawn,Faisalabad,"Nov 20-24, 2005",1772,http://www.espncricinfo.com/ci/engine/match/226350.html,England,2,21,1,14,164,6
Australia,West Indies,Australia,Adelaide,"Nov 25-29, 2005",1773,http://www.espncricinfo.com/ci/engine/match/226348.html,West Indies,1,36,1,17,405,10
Australia,West Indies,Australia,Adelaide,"Nov 25-29, 2005",1773,http://www.espncricinfo.com/ci/engine/match/226348.html,Australia,1,40,3,24,428,10
Australia,West Indies,Australia,Adelaide,"Nov 25-29, 2005",1773,http://www.espncricinfo.com/ci/engine/match/226348.html,West Indies,2,24,0,2,204,10
Australia,West Indies,Australia,Adelaide,"Nov 25-29, 2005",1773,http://www.espncricinfo.com/ci/engine/match/226348.html,Australia,2,19,0,19,182,3
Pakistan,England,Pakistan,Lahore,"Nov 29-Dec 3, 2005",1774,http://www.espncricinfo.com/ci/engine/match/226351.html,England,1,39,1,10,288,10
Pakistan,England,Pakistan,Lahore,"Nov 29-Dec 3, 2005",1774,http://www.espncricinfo.com/ci/engine/match/226351.html,Pakistan,1,65,7,28,636,8
Pakistan,England,Pakistan,Lahore,"Nov 29-Dec 3, 2005",1774,http://www.espncricinfo.com/ci/engine/match/226351.html,England,2,33,0,32,248,10
India,Sri Lanka,drawn,Chennai,"Dec 2-6, 2005",1775,http://www.espncricinfo.com/ci/engine/match/226361.html,India,1,22,0,20,167,10
India,Sri Lanka,drawn,Chennai,"Dec 2-6, 2005",1775,http://www.espncricinfo.com/ci/engine/match/226361.html,Sri Lanka,1,29,1,13,168,4
India,Sri Lanka,India,Delhi,"Dec 10-14, 2005",1776,http://www.espncricinfo.com/ci/engine/match/226362.html,India,1,38,1,12,290,10
India,Sri Lanka,India,Delhi,"Dec 10-14, 2005",1776,http://www.espncricinfo.com/ci/engine/match/226362.html,Sri Lanka,1,30,1,12,230,10
India,Sri Lanka,India,Delhi,"Dec 10-14, 2005",1776,http://www.espncricinfo.com/ci/engine/match/226362.html,India,2,38,4,32,375,6
India,Sri Lanka,India,Delhi,"Dec 10-14, 2005",1776,http://www.espncricinfo.com/ci/engine/match/226362.html,Sri Lanka,2,34,0,15,247,10
Australia,South Africa,drawn,Perth,"Dec 16-20, 2005",1777,http://www.espncricinfo.com/ci/engine/match/226371.html,Australia,1,37,0,14,258,10
Australia,South Africa,drawn,Perth,"Dec 16-20, 2005",1777,http://www.espncricinfo.com/ci/engine/match/226371.html,South Africa,1,38,0,18,296,10
Australia,South Africa,drawn,Perth,"Dec 16-20, 2005",1777,http://www.espncricinfo.com/ci/engine/match/226371.html,Australia,2,61,0,27,528,8
Australia,South Africa,drawn,Perth,"Dec 16-20, 2005",1777,http://www.espncricinfo.com/ci/engine/match/226371.html,South Africa,2,36,0,34,287,5
India,Sri Lanka,India,Ahmedabad,"Dec 18-22, 2005",1778,http://www.espncricinfo.com/ci/engine/match/226363.html,India,1,46,1,42,398,10
India,Sri Lanka,India,Ahmedabad,"Dec 18-22, 2005",1778,http://www.espncricinfo.com/ci/engine/match/226363.html,Sri Lanka,1,21,2,9,206,10
India,Sri Lanka,India,Ahmedabad,"Dec 18-22, 2005",1778,http://www.espncricinfo.com/ci/engine/match/226363.html,India,2,36,5,20,316,9
India,Sri Lanka,India,Ahmedabad,"Dec 18-22, 2005",1778,http://www.espncricinfo.com/ci/engine/match/226363.html,Sri Lanka,2,28,1,8,249,10
Australia,South Africa,Australia,Melbourne,"Dec 26-30, 2005",1779,http://www.espncricinfo.com/ci/engine/match/226372.html,Australia,1,39,4,12,355,10
Australia,South Africa,Australia,Melbourne,"Dec 26-30, 2005",1779,http://www.espncricinfo.com/ci/engine/match/226372.html,South Africa,1,42,0,24,311,10
Australia,South Africa,Australia,Melbourne,"Dec 26-30, 2005",1779,http://www.espncricinfo.com/ci/engine/match/226372.html,Australia,2,30,8,18,321,7
Australia,South Africa,Australia,Melbourne,"Dec 26-30, 2005",1779,http://www.espncricinfo.com/ci/engine/match/226372.html,South Africa,2,19,2,11,181,10
